{
    "loss": 0.7900062203407288,
    "accuracy": 0.8534482717514038
}